date,state,imt_employed_000s,prof_tech_employed_000s
1984-11-01,Australia,158.1423,258.153
1985-02-01,Australia,160.0807,264.4272
1985-05-01,Australia,164.4547,272.625
1985-08-01,Australia,165.8034,273.5109
1985-11-01,Australia,165.2321,280.0056
1986-02-01,Australia,165.5378,292.7526
1986-05-01,Australia,166.1041,292.953
1986-08-01,Australia,170.1738,286.9495
1986-11-01,Australia,164.8347,302.0289
1987-02-01,Australia,163.0598,314.8422
1987-05-01,Australia,165.7005,311.5548
1987-08-01,Australia,165.4064,313.0828
1987-11-01,Australia,169.5796,311.683
1988-02-01,Australia,168.871,322.5922
1988-05-01,Australia,168.1197,333.9385
1988-08-01,Australia,169.6832,338.0603
1988-11-01,Australia,175.9022,341.8455
1989-02-01,Australia,176.095,345.8344
1989-05-01,Australia,174.0988,343.7434
1989-08-01,Australia,179.6777,357.7193
1989-11-01,Australia,177.5529,371.9405
1990-02-01,Australia,168.0005,381.6964
1990-05-01,Australia,176.4412,361.1402
1990-08-01,Australia,180.3548,365.0853
1990-11-01,Australia,178.1564,370.9056
1991-02-01,Australia,178.985,376.4072
1991-05-01,Australia,170.4948,384.2573
1991-08-01,Australia,168.8089,392.2755
1991-11-01,Australia,168.2132,382.8923
1992-02-01,Australia,174.0516,391.2603
1992-05-01,Australia,166.0491,400.0015
1992-08-01,Australia,165.4173,398.129
1992-11-01,Australia,167.9388,386.6274
1993-02-01,Australia,160.3257,354.5792
1993-05-01,Australia,164.7032,355.8013
1993-08-01,Australia,156.3909,373.5232
1993-11-01,Australia,167.5494,380.0714
1994-02-01,Australia,172.1496,401.6202
1994-05-01,Australia,173.996,405.2259
1994-08-01,Australia,182.9635,439.8914
1994-11-01,Australia,194.2055,436.5783
1995-02-01,Australia,188.6353,442.0343
1995-05-01,Australia,187.9778,476.4372
1995-08-01,Australia,179.0347,480.2274
1995-11-01,Australia,195.6666,490.6033
1996-02-01,Australia,208.0175,491.9936
1996-05-01,Australia,200.9227,508.8714
1996-08-01,Australia,198.4059,511.6263
1996-11-01,Australia,206.6237,509.1885
1997-02-01,Australia,203.1632,515.7624
1997-05-01,Australia,205.2622,521.9514
1997-08-01,Australia,192.0676,545.8795
1997-11-01,Australia,183.1797,545.3381
1998-02-01,Australia,184.3232,554.0308
1998-05-01,Australia,189.9236,540.3137
1998-08-01,Australia,183.4274,554.9321
1998-11-01,Australia,183.9226,554.0526
1999-02-01,Australia,184.184,554.6947
1999-05-01,Australia,189.0061,557.8517
1999-08-01,Australia,184.3515,557.9409
1999-11-01,Australia,205.2245,579.7066
2000-02-01,Australia,222.4006,567.229
2000-05-01,Australia,221.6388,579.3821
2000-08-01,Australia,219.1623,584.7366
2000-11-01,Australia,224.6569,600.8014
2001-02-01,Australia,228.5478,634.7147
2001-05-01,Australia,234.5979,614.1533
2001-08-01,Australia,212.7722,588.8753
2001-11-01,Australia,210.6186,564.8722
2002-02-01,Australia,214.5116,597.8876
2002-05-01,Australia,211.3775,600.4879
2002-08-01,Australia,220.6001,609.5926
2002-11-01,Australia,219.7902,595.4241
2003-02-01,Australia,231.4527,604.9723
2003-05-01,Australia,230.608,616.8453
2003-08-01,Australia,218.905,617.9693
2003-11-01,Australia,209.9293,639.1035
2004-02-01,Australia,213.8452,617.0758
2004-05-01,Australia,222.2458,618.5724
2004-08-01,Australia,213.1184,623.5181
2004-11-01,Australia,228.2749,638.4837
2005-02-01,Australia,228.0223,654.7355
2005-05-01,Australia,243.9212,676.4808
2005-08-01,Australia,237.6397,689.4404
2005-11-01,Australia,237.8454,710.7505
2006-02-01,Australia,229.0826,709.5494
2006-05-01,Australia,243.048,720.6319
2006-08-01,Australia,244.875,745.6351
2006-11-01,Australia,242.8335,739.5371
2007-02-01,Australia,247.1794,713.1376
2007-05-01,Australia,250.5641,736.7616
2007-08-01,Australia,230.7234,764.6471
2007-11-01,Australia,234.1786,763.6536
2008-02-01,Australia,226.0293,801.0058
2008-05-01,Australia,222.2644,778.5579
2008-08-01,Australia,219.9934,768.0722
2008-11-01,Australia,222.9692,809.8127
2009-02-01,Australia,225.8257,770.2284
2009-05-01,Australia,223.254,767.5573
2009-08-01,Australia,207.9084,782.9535
2009-11-01,Australia,212.1366,827.7943
2010-02-01,Australia,207.7431,856.6985
2010-05-01,Australia,219.7128,834.5709
2010-08-01,Australia,206.4966,843.4208
2010-11-01,Australia,211.3563,832.7098
2011-02-01,Australia,212.4005,870.4208
2011-05-01,Australia,214.588,839.59
2011-08-01,Australia,201.0864,863.9052
2011-11-01,Australia,198.5599,850.1788
2012-02-01,Australia,221.8961,877.2722
2012-05-01,Australia,236.9156,923.0545
2012-08-01,Australia,234.0961,910.4705
2012-11-01,Australia,215.6663,899.7835
2013-02-01,Australia,216.855,911.5447
2013-05-01,Australia,219.9348,907.5752
2013-08-01,Australia,196.9283,910.1309
2013-11-01,Australia,184.3008,877.6472
2014-02-01,Australia,203.7253,889.7911
2014-05-01,Australia,203.3966,935.5063
2014-08-01,Australia,217.5606,935.3253
2014-11-01,Australia,208.7491,937.536
2015-02-01,Australia,214.52,986.9788
2015-05-01,Australia,209.2842,1026.5317
2015-08-01,Australia,215.728,966.3005
2015-11-01,Australia,219.293,1008.0301
2016-02-01,Australia,209.5674,1027.5934
2016-05-01,Australia,197.9295,983.1534
2016-08-01,Australia,210.9688,1045.1297
2016-11-01,Australia,213.7224,1005.4073
2017-02-01,Australia,207.7179,1015.1773
2017-05-01,Australia,228.3495,1003.1304
2017-08-01,Australia,219.0203,1005.0731
2017-11-01,Australia,211.8912,1018.1534
2018-02-01,Australia,214.5972,1022.3181
2018-05-01,Australia,232.5186,1047.382
2018-08-01,Australia,219.7389,1064.618
2018-11-01,Australia,220.1695,1065.3135
2019-02-01,Australia,210.8835,1127.4089
2019-05-01,Australia,200.824,1128.9722
2019-08-01,Australia,207.3226,1152.1057
2019-11-01,Australia,206.7622,1132.0375
2020-02-01,Australia,208.4458,1153.5538
2020-05-01,Australia,183.8515,1091.2799
2020-08-01,Australia,191.4494,1095.9177
2020-11-01,Australia,189.9492,1153.744
2021-02-01,Australia,196.3068,1199.8147
2021-05-01,Australia,178.0493,1204.5842
2021-08-01,Australia,179.9653,1166.409
2021-11-01,Australia,186.1037,1198.0248
2022-02-01,Australia,204.8866,1258.7978
2022-05-01,Australia,201.334,1258.8689
2022-08-01,Australia,195.9442,1268.9167
2022-11-01,Australia,187.6779,1265.5454
2023-02-01,Australia,201.1843,1286.3873
2023-05-01,Australia,194.1961,1354.9644
2023-08-01,Australia,185.7038,1300.6638
2023-11-01,Australia,188.7815,1320.8955
2024-02-01,Australia,194.163,1340.3561
2024-05-01,Australia,199.5347,1314.1675
2024-08-01,Australia,183.2312,1297.3644
2024-11-01,Australia,183.3046,1299.4304
2025-02-01,Australia,194.9667,1276.1878
2025-05-01,Australia,181.3868,1380.2061
2025-08-01,Australia,184.8295,1376.8405
2025-11-01,Australia,185.3064,1364.1675
2026-02-01,Australia,175.458,1432.6868
1984-11-01,NSW,57.3255,98.3985
1985-02-01,NSW,59.2941,101.0027
1985-05-01,NSW,62.4156,92.1407
1985-08-01,NSW,66.2947,95.3232
1985-11-01,NSW,61.8457,100.1249
1986-02-01,NSW,63.7685,104.9955
1986-05-01,NSW,62.569,106.8958
1986-08-01,NSW,66.322,103.9199
1986-11-01,NSW,61.858,107.5505
1987-02-01,NSW,58.7298,107.1427
1987-05-01,NSW,58.2575,110.012
1987-08-01,NSW,57.8654,110.0405
1987-11-01,NSW,65.5943,114.4204
1988-02-01,NSW,67.9001,112.8744
1988-05-01,NSW,63.6819,114.3902
1988-08-01,NSW,64.2287,123.6795
1988-11-01,NSW,66.9912,122.023
1989-02-01,NSW,67.5038,125.6429
1989-05-01,NSW,63.5476,125.3567
1989-08-01,NSW,65.0215,132.5519
1989-11-01,NSW,64.8895,137.9986
1990-02-01,NSW,61.7129,138.8104
1990-05-01,NSW,66.357,128.2035
1990-08-01,NSW,65.4491,129.7106
1990-11-01,NSW,69.1118,127.5796
1991-02-01,NSW,66.49,133.6658
1991-05-01,NSW,64.5615,140.6656
1991-08-01,NSW,60.3663,145.3804
1991-11-01,NSW,61.7994,139.9347
1992-02-01,NSW,65.8401,140.22
1992-05-01,NSW,63.0979,148.4438
1992-08-01,NSW,61.7503,145.103
1992-11-01,NSW,60.729,138.6319
1993-02-01,NSW,54.6505,127.5335
1993-05-01,NSW,58.4963,124.9707
1993-08-01,NSW,55.0994,131.1107
1993-11-01,NSW,63.108,136.5062
1994-02-01,NSW,64.6279,145.342
1994-05-01,NSW,65.4604,139.4388
1994-08-01,NSW,65.1049,137.7641
1994-11-01,NSW,74.0522,137.8263
1995-02-01,NSW,72.9903,141.7604
1995-05-01,NSW,77.1333,153.1381
1995-08-01,NSW,69.1264,161.1732
1995-11-01,NSW,74.7892,161.6592
1996-02-01,NSW,83.5509,167.2437
1996-05-01,NSW,75.5733,177.4545
1996-08-01,NSW,68.5651,180.676
1996-11-01,NSW,76.3392,169.8652
1997-02-01,NSW,81.7203,175.1307
1997-05-01,NSW,87.8862,178.8444
1997-08-01,NSW,79.4224,180.1577
1997-11-01,NSW,66.6675,176.9907
1998-02-01,NSW,71.1682,186.3461
1998-05-01,NSW,76.9392,185.2088
1998-08-01,NSW,70.6961,188.7819
1998-11-01,NSW,67.8004,191.3901
1999-02-01,NSW,67.9674,199.7479
1999-05-01,NSW,67.1839,207.5549
1999-08-01,NSW,69.8749,190.5076
1999-11-01,NSW,83.9133,204.0685
2000-02-01,NSW,95.2371,207.8151
2000-05-01,NSW,90.2283,208.8194
2000-08-01,NSW,81.2804,219.2859
2000-11-01,NSW,89.0556,222.8934
2001-02-01,NSW,93.1439,240.0038
2001-05-01,NSW,91.005,233.6785
2001-08-01,NSW,85.1063,221.0043
2001-11-01,NSW,85.9099,214.5283
2002-02-01,NSW,90.1929,226.2486
2002-05-01,NSW,90.2083,227.6853
2002-08-01,NSW,95.8764,238.7839
2002-11-01,NSW,87.3156,225.0583
2003-02-01,NSW,85.9894,215.1393
2003-05-01,NSW,80.3775,226.4737
2003-08-01,NSW,82.2498,232.4364
2003-11-01,NSW,84.0986,244.7696
2004-02-01,NSW,86.0377,226.5551
2004-05-01,NSW,84.2927,230.0378
2004-08-01,NSW,73.9593,224.5067
2004-11-01,NSW,81.2995,228.6912
2005-02-01,NSW,88.7328,236.5193
2005-05-01,NSW,93.7133,249.3917
2005-08-01,NSW,91.4096,248.4724
2005-11-01,NSW,92.0674,255.0716
2006-02-01,NSW,90.7167,262.7911
2006-05-01,NSW,91.9398,258.2342
2006-08-01,NSW,95.8551,259.7071
2006-11-01,NSW,99.2203,270.2808
2007-02-01,NSW,100.9447,248.7452
2007-05-01,NSW,100.1652,252.0785
2007-08-01,NSW,82.8708,246.3898
2007-11-01,NSW,81.7427,244.2968
2008-02-01,NSW,85.5121,278.0184
2008-05-01,NSW,79.26,286.4825
2008-08-01,NSW,84.2497,278.134
2008-11-01,NSW,83.7502,279.5992
2009-02-01,NSW,89.4793,267.0952
2009-05-01,NSW,86.2002,269.2269
2009-08-01,NSW,77.6797,274.0386
2009-11-01,NSW,79.635,275.6451
2010-02-01,NSW,81.2674,300.0251
2010-05-01,NSW,85.9497,292.8142
2010-08-01,NSW,72.0166,308.9735
2010-11-01,NSW,81.2322,298.5488
2011-02-01,NSW,83.3806,302.5981
2011-05-01,NSW,83.9831,287.8092
2011-08-01,NSW,79.8917,302.9659
2011-11-01,NSW,75.7516,301.1405
2012-02-01,NSW,92.7435,311.3925
2012-05-01,NSW,97.991,330.2103
2012-08-01,NSW,97.62,310.6219
2012-11-01,NSW,97.1259,304.3883
2013-02-01,NSW,84.1487,299.4467
2013-05-01,NSW,87.7819,303.2504
2013-08-01,NSW,75.9855,292.9867
2013-11-01,NSW,70.0955,304.1383
2014-02-01,NSW,78.4577,297.4975
2014-05-01,NSW,80.2269,311.9686
2014-08-01,NSW,84.9652,296.3087
2014-11-01,NSW,78.595,316.8876
2015-02-01,NSW,80.3724,328.3406
2015-05-01,NSW,83.1776,354.313
2015-08-01,NSW,87.3448,347.2907
2015-11-01,NSW,85.8003,373.8378
2016-02-01,NSW,80.8025,371.2668
2016-05-01,NSW,74.2374,357.6656
2016-08-01,NSW,84.6824,374.5118
2016-11-01,NSW,85.3903,371.9085
2017-02-01,NSW,81.2537,377.9459
2017-05-01,NSW,94.5987,396.8862
2017-08-01,NSW,97.5048,372.9829
2017-11-01,NSW,87.7819,354.4057
2018-02-01,NSW,89.9926,363.4447
2018-05-01,NSW,102.7064,387.604
2018-08-01,NSW,88.3211,423.1253
2018-11-01,NSW,89.961,407.8652
2019-02-01,NSW,76.1913,418.1405
2019-05-01,NSW,75.3426,401.3906
2019-08-01,NSW,75.9308,403.4195
2019-11-01,NSW,77.5007,409.9733
2020-02-01,NSW,88.2209,416.1712
2020-05-01,NSW,80.2093,380.4149
2020-08-01,NSW,75.7674,395.1943
2020-11-01,NSW,76.1588,421.1001
2021-02-01,NSW,79.2528,438.4002
2021-05-01,NSW,71.5225,437.7525
2021-08-01,NSW,69.0756,415.8184
2021-11-01,NSW,63.1812,414.1927
2022-02-01,NSW,77.9826,414.8396
2022-05-01,NSW,81.8404,440.3988
2022-08-01,NSW,91.3201,440.4532
2022-11-01,NSW,83.4423,448.5217
2023-02-01,NSW,80.1216,452.2023
2023-05-01,NSW,71.1253,457.0223
2023-08-01,NSW,66.8346,452.3184
2023-11-01,NSW,72.3691,447.7274
2024-02-01,NSW,64.993,463.423
2024-05-01,NSW,75.656,496.0042
2024-08-01,NSW,72.3582,452.7404
2024-11-01,NSW,71.0167,439.3597
2025-02-01,NSW,74.4358,413.4626
2025-05-01,NSW,67.5394,471.8089
2025-08-01,NSW,71.7707,476.0115
2025-11-01,NSW,78.4611,461.9844
2026-02-01,NSW,73.0538,519.9771
1984-11-01,Victoria,43.4673,67.46
1985-02-01,Victoria,44.67,67.7943
1985-05-01,Victoria,45.3766,79.2979
1985-08-01,Victoria,44.0901,75.1905
1985-11-01,Victoria,44.6826,74.6624
1986-02-01,Victoria,42.6483,82.2244
1986-05-01,Victoria,41.9853,84.1125
1986-08-01,Victoria,43.1254,82.6423
1986-11-01,Victoria,44.1355,85.7596
1987-02-01,Victoria,44.7342,89.3177
1987-05-01,Victoria,45.9481,84.2066
1987-08-01,Victoria,45.8938,83.8643
1987-11-01,Victoria,45.0384,81.9071
1988-02-01,Victoria,41.7685,84.4331
1988-05-01,Victoria,44.8084,87.8456
1988-08-01,Victoria,45.3297,86.8623
1988-11-01,Victoria,47.4111,89.4235
1989-02-01,Victoria,47.9843,90.6812
1989-05-01,Victoria,47.7973,89.0348
1989-08-01,Victoria,49.1402,89.9284
1989-11-01,Victoria,48.8288,94.4795
1990-02-01,Victoria,46.8772,99.8649
1990-05-01,Victoria,46.2136,98.8198
1990-08-01,Victoria,51.6685,98.4678
1990-11-01,Victoria,48.6823,103.3622
1991-02-01,Victoria,53.275,91.4632
1991-05-01,Victoria,48.4029,92.5741
1991-08-01,Victoria,46.6299,99.0239
1991-11-01,Victoria,48.0987,99.4002
1992-02-01,Victoria,47.6901,105.9837
1992-05-01,Victoria,46.8854,99.7618
1992-08-01,Victoria,48.0372,106.9869
1992-11-01,Victoria,46.5437,103.0687
1993-02-01,Victoria,47.2415,91.2009
1993-05-01,Victoria,47.3677,95.0708
1993-08-01,Victoria,45.4926,96.0379
1993-11-01,Victoria,48.1308,93.3179
1994-02-01,Victoria,44.1099,104.4128
1994-05-01,Victoria,44.5466,104.5339
1994-08-01,Victoria,56.3393,122.6521
1994-11-01,Victoria,55.1398,119.5906
1995-02-01,Victoria,50.7037,123.8635
1995-05-01,Victoria,43.6302,139.0146
1995-08-01,Victoria,45.7296,137.6358
1995-11-01,Victoria,51.8701,145.1511
1996-02-01,Victoria,57.4697,139.7857
1996-05-01,Victoria,60.5885,139.6421
1996-08-01,Victoria,61.044,140.6668
1996-11-01,Victoria,59.0865,137.0033
1997-02-01,Victoria,53.0143,134.9572
1997-05-01,Victoria,46.2188,148.3653
1997-08-01,Victoria,45.2442,157.7507
1997-11-01,Victoria,44.8533,155.8948
1998-02-01,Victoria,44.1054,158.8218
1998-05-01,Victoria,43.8089,155.0638
1998-08-01,Victoria,46.3315,160.6508
1998-11-01,Victoria,47.3429,158.1142
1999-02-01,Victoria,46.1193,146.719
1999-05-01,Victoria,50.9753,151.0042
1999-08-01,Victoria,49.097,166.2893
1999-11-01,Victoria,50.5033,158.5401
2000-02-01,Victoria,54.5296,153.7504
2000-05-01,Victoria,55.0182,153.7187
2000-08-01,Victoria,63.0782,155.0778
2000-11-01,Victoria,66.1357,158.6317
2001-02-01,Victoria,65.6245,167.735
2001-05-01,Victoria,68.1896,162.3684
2001-08-01,Victoria,60.6493,156.3302
2001-11-01,Victoria,62.3257,146.1191
2002-02-01,Victoria,60.5551,162.1517
2002-05-01,Victoria,57.348,159.7313
2002-08-01,Victoria,55.9696,153.3278
2002-11-01,Victoria,57.1192,152.7002
2003-02-01,Victoria,63.2204,168.5441
2003-05-01,Victoria,63.9731,161.2441
2003-08-01,Victoria,65.0836,167.3458
2003-11-01,Victoria,56.7803,165.4952
2004-02-01,Victoria,55.1129,164.078
2004-05-01,Victoria,62.3797,163.3179
2004-08-01,Victoria,58.4379,160.6249
2004-11-01,Victoria,63.1602,167.7144
2005-02-01,Victoria,64.9859,167.163
2005-05-01,Victoria,68.3641,170.4626
2005-08-01,Victoria,62.8372,185.6307
2005-11-01,Victoria,62.2166,193.0769
2006-02-01,Victoria,63.3173,189.0254
2006-05-01,Victoria,74.5266,192.0481
2006-08-01,Victoria,67.8914,196.4542
2006-11-01,Victoria,67.0302,186.2982
2007-02-01,Victoria,60.0213,189.903
2007-05-01,Victoria,61.9566,195.5964
2007-08-01,Victoria,65.7257,212.0848
2007-11-01,Victoria,70.2483,212.888
2008-02-01,Victoria,66.6654,214.9657
2008-05-01,Victoria,60.9436,205.5452
2008-08-01,Victoria,61.4044,193.6583
2008-11-01,Victoria,66.4553,215.2562
2009-02-01,Victoria,62.9032,204.4613
2009-05-01,Victoria,68.9885,193.3278
2009-08-01,Victoria,68.0041,207.4255
2009-11-01,Victoria,62.3889,222.9023
2010-02-01,Victoria,61.7322,220.2549
2010-05-01,Victoria,63.8601,216.8804
2010-08-01,Victoria,64.8876,218.9593
2010-11-01,Victoria,60.8469,218.0912
2011-02-01,Victoria,56.6026,233.9605
2011-05-01,Victoria,53.3695,222.5221
2011-08-01,Victoria,57.9453,236.9112
2011-11-01,Victoria,59.1617,221.0734
2012-02-01,Victoria,62.9085,241.9472
2012-05-01,Victoria,66.3069,246.3974
2012-08-01,Victoria,63.5153,245.6297
2012-11-01,Victoria,53.2124,248.0312
2013-02-01,Victoria,67.4374,253.7844
2013-05-01,Victoria,59.5708,244.7727
2013-08-01,Victoria,53.5978,272.4415
2013-11-01,Victoria,56.2785,250.0182
2014-02-01,Victoria,59.5756,245.1725
2014-05-01,Victoria,55.7541,250.3838
2014-08-01,Victoria,64.6716,246.5444
2014-11-01,Victoria,64.7466,240.0778
2015-02-01,Victoria,66.9409,277.1895
2015-05-01,Victoria,61.0329,279.5467
2015-08-01,Victoria,63.0345,254.3673
2015-11-01,Victoria,64.0621,260.7871
2016-02-01,Victoria,58.5434,263.2156
2016-05-01,Victoria,57.7114,273.4173
2016-08-01,Victoria,58.4373,281.1058
2016-11-01,Victoria,57.2214,262.8998
2017-02-01,Victoria,58.2658,283.3914
2017-05-01,Victoria,65.9384,264.1951
2017-08-01,Victoria,57.4257,277.5758
2017-11-01,Victoria,57.2502,306.0598
2018-02-01,Victoria,60.1662,299.6433
2018-05-01,Victoria,67.4449,291.8922
2018-08-01,Victoria,71.0605,280.5105
2018-11-01,Victoria,64.5712,301.9474
2019-02-01,Victoria,63.5365,320.4217
2019-05-01,Victoria,64.9104,332.6391
2019-08-01,Victoria,64.4645,348.4706
2019-11-01,Victoria,64.5671,308.5042
2020-02-01,Victoria,52.3234,313.5816
2020-05-01,Victoria,44.5113,309.3359
2020-08-01,Victoria,52.9667,307.0215
2020-11-01,Victoria,56.7823,320.9949
2021-02-01,Victoria,66.814,326.1097
2021-05-01,Victoria,57.0922,336.0279
2021-08-01,Victoria,54.7136,326.0991
2021-11-01,Victoria,64.0193,333.479
2022-02-01,Victoria,62.382,376.1201
2022-05-01,Victoria,59.491,362.5636
2022-08-01,Victoria,53.4048,350.9921
2022-11-01,Victoria,52.102,345.9672
2023-02-01,Victoria,64.9012,364.8014
2023-05-01,Victoria,59.4217,408.1762
2023-08-01,Victoria,59.4229,374.0563
2023-11-01,Victoria,55.2586,370.889
2024-02-01,Victoria,61.1032,356.6109
2024-05-01,Victoria,63.3642,340.9362
2024-08-01,Victoria,56.4413,364.4146
2024-11-01,Victoria,44.5012,388.2949
2025-02-01,Victoria,59.5607,365.8746
2025-05-01,Victoria,60.813,395.3421
2025-08-01,Victoria,64.0208,411.3071
2025-11-01,Victoria,59.5709,404.4148
2026-02-01,Victoria,48.3542,395.1612
1984-11-01,Queensland,21.0861,35.1343
1985-02-01,Queensland,20.9304,37.976
1985-05-01,Queensland,21.384,39.1615
1985-08-01,Queensland,22.3754,39.9921
1985-11-01,Queensland,22.2907,40.0727
1986-02-01,Queensland,22.372,41.8246
1986-05-01,Queensland,23.6191,41.8358
1986-08-01,Queensland,24.0265,39.7044
1986-11-01,Queensland,22.6742,41.0398
1987-02-01,Queensland,23.0263,45.8023
1987-05-01,Queensland,24.3723,48.3032
1987-08-01,Queensland,24.1011,46.3334
1987-11-01,Queensland,25.6659,45.4682
1988-02-01,Queensland,24.3277,53.3577
1988-05-01,Queensland,26.1674,55.8062
1988-08-01,Queensland,26.3443,52.1815
1988-11-01,Queensland,25.0919,55.2502
1989-02-01,Queensland,23.8036,54.2268
1989-05-01,Queensland,26.1999,53.9902
1989-08-01,Queensland,27.7792,56.6675
1989-11-01,Queensland,28.0872,57.9055
1990-02-01,Queensland,26.0485,58.4491
1990-05-01,Queensland,28.8201,52.6295
1990-08-01,Queensland,28.0461,53.9024
1990-11-01,Queensland,25.0306,57.9536
1991-02-01,Queensland,23.0381,62.7981
1991-05-01,Queensland,22.2907,59.5884
1991-08-01,Queensland,26.6916,58.2283
1991-11-01,Queensland,24.6899,59.5837
1992-02-01,Queensland,26.0961,61.0225
1992-05-01,Queensland,22.5099,65.0191
1992-08-01,Queensland,23.2168,62.5593
1992-11-01,Queensland,24.6069,59.6776
1993-02-01,Queensland,22.6625,56.3283
1993-05-01,Queensland,23.2975,57.1085
1993-08-01,Queensland,23.4704,57.3058
1993-11-01,Queensland,23.04,60.3165
1994-02-01,Queensland,28.5658,62.4793
1994-05-01,Queensland,27.109,67.0782
1994-08-01,Queensland,26.8566,78.9154
1994-11-01,Queensland,28.1995,76.5816
1995-02-01,Queensland,31.1675,77.4692
1995-05-01,Queensland,29.6002,78.5838
1995-08-01,Queensland,28.4803,76.9496
1995-11-01,Queensland,31.0284,79.2347
1996-02-01,Queensland,29.1294,80.4813
1996-05-01,Queensland,27.2636,79.9945
1996-08-01,Queensland,26.872,82.4645
1996-11-01,Queensland,28.7097,84.5495
1997-02-01,Queensland,30.054,83.0056
1997-05-01,Queensland,26.8345,77.5282
1997-08-01,Queensland,28.1447,87.5289
1997-11-01,Queensland,29.7277,92.4904
1998-02-01,Queensland,28.4202,93.889
1998-05-01,Queensland,30.3468,87.143
1998-08-01,Queensland,29.7162,83.8274
1998-11-01,Queensland,29.771,85.1079
1999-02-01,Queensland,31.066,85.8873
1999-05-01,Queensland,30.5253,85.2963
1999-08-01,Queensland,27.6807,80.9374
1999-11-01,Queensland,34.9418,95.0277
2000-02-01,Queensland,35.8663,91.712
2000-05-01,Queensland,38.2795,95.6562
2000-08-01,Queensland,31.8867,92.0309
2000-11-01,Queensland,28.0203,96.8388
2001-02-01,Queensland,27.4814,97.7844
2001-05-01,Queensland,29.1771,93.7857
2001-08-01,Queensland,25.3446,88.9698
2001-11-01,Queensland,24.8212,91.0333
2002-02-01,Queensland,23.7855,90.6805
2002-05-01,Queensland,27.7816,93.3481
2002-08-01,Queensland,32.5853,94.6056
2002-11-01,Queensland,35.8847,90.6914
2003-02-01,Queensland,37.3904,98.293
2003-05-01,Queensland,41.0585,105.1051
2003-08-01,Queensland,30.0843,101.7194
2003-11-01,Queensland,28.9695,104.199
2004-02-01,Queensland,30.9471,98.4221
2004-05-01,Queensland,36.4039,101.5138
2004-08-01,Queensland,40.7922,113.9115
2004-11-01,Queensland,37.5752,113.1457
2005-02-01,Queensland,29.3762,110.4681
2005-05-01,Queensland,35.3837,117.5978
2005-08-01,Queensland,36.8828,122.0243
2005-11-01,Queensland,37.411,116.7568
2006-02-01,Queensland,30.4923,118.8255
2006-05-01,Queensland,29.0967,128.1486
2006-08-01,Queensland,34.7749,136.8149
2006-11-01,Queensland,32.5103,129.1776
2007-02-01,Queensland,39.7728,126.5795
2007-05-01,Queensland,44.3466,128.2184
2007-08-01,Queensland,42.4528,137.756
2007-11-01,Queensland,40.3566,142.2655
2008-02-01,Queensland,39.0231,140.638
2008-05-01,Queensland,40.5982,128.9327
2008-08-01,Queensland,33.2835,135.2247
2008-11-01,Queensland,36.0655,152.7171
2009-02-01,Queensland,36.3937,147.2508
2009-05-01,Queensland,34.5399,144.4375
2009-08-01,Queensland,25.6724,143.8261
2009-11-01,Queensland,30.2553,151.4067
2010-02-01,Queensland,29.8177,152.4403
2010-05-01,Queensland,29.8196,147.7605
2010-08-01,Queensland,31.1105,141.5399
2010-11-01,Queensland,30.2953,142.5646
2011-02-01,Queensland,34.5941,160.0449
2011-05-01,Queensland,34.827,157.3435
2011-08-01,Queensland,29.9497,151.8574
2011-11-01,Queensland,29.7316,145.2349
2012-02-01,Queensland,29.6601,141.4456
2012-05-01,Queensland,32.9566,159.3177
2012-08-01,Queensland,34.4134,156.5873
2012-11-01,Queensland,28.157,157.8686
2013-02-01,Queensland,24.8404,156.5343
2013-05-01,Queensland,34.7887,176.4237
2013-08-01,Queensland,33.4407,165.443
2013-11-01,Queensland,24.122,149.7524
2014-02-01,Queensland,31.2875,164.2181
2014-05-01,Queensland,33.2031,175.4787
2014-08-01,Queensland,34.4034,177.1426
2014-11-01,Queensland,30.8555,185.0011
2015-02-01,Queensland,31.2595,176.2072
2015-05-01,Queensland,29.3735,190.2176
2015-08-01,Queensland,29.0475,178.5725
2015-11-01,Queensland,33.294,176.6427
2016-02-01,Queensland,36.4044,191.976
2016-05-01,Queensland,32.6935,161.1956
2016-08-01,Queensland,35.2829,183.3127
2016-11-01,Queensland,35.0471,175.3057
2017-02-01,Queensland,37.6186,173.1924
2017-05-01,Queensland,34.8568,159.433
2017-08-01,Queensland,33.1386,167.7765
2017-11-01,Queensland,27.0049,163.9451
2018-02-01,Queensland,26.5013,169.486
2018-05-01,Queensland,26.7061,181.6556
2018-08-01,Queensland,27.5637,175.6345
2018-11-01,Queensland,34.2838,164.683
2019-02-01,Queensland,39.6198,169.767
2019-05-01,Queensland,33.2874,172.8857
2019-08-01,Queensland,34.6187,177.776
2019-11-01,Queensland,25.3177,193.1482
2020-02-01,Queensland,28.0458,204.7052
2020-05-01,Queensland,26.4683,190.6419
2020-08-01,Queensland,28.1131,176.1813
2020-11-01,Queensland,30.295,180.8304
2021-02-01,Queensland,24.6946,203.221
2021-05-01,Queensland,26.5331,199.454
2021-08-01,Queensland,24.5273,193.2683
2021-11-01,Queensland,30.7461,212.2452
2022-02-01,Queensland,29.333,220.755
2022-05-01,Queensland,30.6679,218.0041
2022-08-01,Queensland,20.7932,213.7071
2022-11-01,Queensland,21.1904,219.8514
2023-02-01,Queensland,24.4318,211.4907
2023-05-01,Queensland,26.8028,232.1287
2023-08-01,Queensland,28.0885,218.527
2023-11-01,Queensland,30.1312,237.8176
2024-02-01,Queensland,36.5177,254.9541
2024-05-01,Queensland,28.3547,219.1321
2024-08-01,Queensland,24.5079,218.677
2024-11-01,Queensland,31.3353,218.1282
2025-02-01,Queensland,27.7115,226.2801
2025-05-01,Queensland,23.159,247.2391
2025-08-01,Queensland,18.6549,224.5816
2025-11-01,Queensland,20.2406,232.2932
2026-02-01,Queensland,24.9542,247.8245
1984-11-01,SA,13.5219,19.2213
1985-02-01,SA,13.2401,18.6035
1985-05-01,SA,13.6239,19.2047
1985-08-01,SA,12.5458,20.8383
1985-11-01,SA,13.3745,22.7573
1986-02-01,SA,12.8368,23.1346
1986-05-01,SA,13.8535,20.8277
1986-08-01,SA,15.0026,20.0659
1986-11-01,SA,14.3186,23.249
1987-02-01,SA,14.6315,24.8481
1987-05-01,SA,13.5519,22.4962
1987-08-01,SA,12.9364,22.9915
1987-11-01,SA,11.4174,25.1796
1988-02-01,SA,12.1078,21.664
1988-05-01,SA,11.0147,22.8881
1988-08-01,SA,11.203,22.4548
1988-11-01,SA,12.9283,23.2088
1989-02-01,SA,12.2268,24.1728
1989-05-01,SA,13.1257,24.1523
1989-08-01,SA,13.8615,25.2748
1989-11-01,SA,13.6544,25.1556
1990-02-01,SA,13.2408,26.8657
1990-05-01,SA,13.0768,25.5809
1990-08-01,SA,13.4493,28.2882
1990-11-01,SA,12.7046,28.1392
1991-02-01,SA,13.2597,28.5721
1991-05-01,SA,12.8084,28.5066
1991-08-01,SA,11.7962,27.8353
1991-11-01,SA,12.1045,26.1342
1992-02-01,SA,12.3636,25.2137
1992-05-01,SA,11.7412,27.4872
1992-08-01,SA,10.1141,25.9007
1992-11-01,SA,12.3286,24.199
1993-02-01,SA,12.4942,22.1813
1993-05-01,SA,11.2156,22.8493
1993-08-01,SA,10.8301,27.1888
1993-11-01,SA,10.6984,29.1055
1994-02-01,SA,12.7279,26.8211
1994-05-01,SA,12.9405,26.5824
1994-08-01,SA,10.9629,29.7349
1994-11-01,SA,11.3196,30.3852
1995-02-01,SA,10.9836,32.6108
1995-05-01,SA,11.9974,34.3221
1995-08-01,SA,11.3597,33.8326
1995-11-01,SA,10.1271,32.5865
1996-02-01,SA,11.4625,28.9917
1996-05-01,SA,11.142,32.7442
1996-08-01,SA,13.9946,32.5183
1996-11-01,SA,13.4853,32.8074
1997-02-01,SA,13.3233,35.5983
1997-05-01,SA,13.7457,34.2337
1997-08-01,SA,10.5394,35.5636
1997-11-01,SA,13.2504,34.3806
1998-02-01,SA,12.6301,32.9755
1998-05-01,SA,11.6892,31.3591
1998-08-01,SA,10.1716,36.8229
1998-11-01,SA,12.0102,34.9348
1999-02-01,SA,13.2402,37.4355
1999-05-01,SA,13.1654,30.1121
1999-08-01,SA,11.7426,34.8209
1999-11-01,SA,9.8622,33.3297
2000-02-01,SA,11.2843,29.4458
2000-05-01,SA,12.46,35.0289
2000-08-01,SA,15.1543,36.0833
2000-11-01,SA,14.5388,34.0008
2001-02-01,SA,13.4698,32.7389
2001-05-01,SA,14.899,31.4424
2001-08-01,SA,12.8004,34.1675
2001-11-01,SA,11.3446,28.974
2002-02-01,SA,11.9223,31.3947
2002-05-01,SA,11.9008,36.8209
2002-08-01,SA,11.0389,37.6663
2002-11-01,SA,11.1728,36.6442
2003-02-01,SA,15.2266,33.6751
2003-05-01,SA,16.385,33.9795
2003-08-01,SA,15.0463,33.1653
2003-11-01,SA,14.8747,35.2044
2004-02-01,SA,13.7613,35.5987
2004-05-01,SA,11.6762,34.0982
2004-08-01,SA,13.5384,36.9173
2004-11-01,SA,16.3841,39.9214
2005-02-01,SA,16.1384,40.7921
2005-05-01,SA,15.5424,39.1765
2005-08-01,SA,16.5555,36.8114
2005-11-01,SA,14.9217,37.1645
2006-02-01,SA,15.9265,34.511
2006-05-01,SA,15.2701,36.1008
2006-08-01,SA,14.128,39.7501
2006-11-01,SA,14.2408,42.1462
2007-02-01,SA,16.6451,40.3268
2007-05-01,SA,14.2684,44.2868
2007-08-01,SA,13.5667,40.2273
2007-11-01,SA,12.9395,41.6186
2008-02-01,SA,9.9897,43.7908
2008-05-01,SA,12.83,43.9711
2008-08-01,SA,11.3337,40.0125
2008-11-01,SA,12.8126,48.7171
2009-02-01,SA,12.8976,42.6856
2009-05-01,SA,13.3703,49.199
2009-08-01,SA,10.7469,48.4
2009-11-01,SA,10.1215,53.7329
2010-02-01,SA,12.3225,54.0839
2010-05-01,SA,15.2488,49.5454
2010-08-01,SA,16.9003,41.6802
2010-11-01,SA,13.2576,41.2876
2011-02-01,SA,13.7358,50.2583
2011-05-01,SA,14.2779,54.3228
2011-08-01,SA,10.9317,44.1376
2011-11-01,SA,11.4446,47.4736
2012-02-01,SA,12.7025,49.9668
2012-05-01,SA,14.4545,54.5489
2012-08-01,SA,13.4385,52.7533
2012-11-01,SA,12.3395,50.3226
2013-02-01,SA,14.9805,50.4144
2013-05-01,SA,14.6326,44.538
2013-08-01,SA,10.8796,43.6362
2013-11-01,SA,11.5387,45.8606
2014-02-01,SA,9.8,46.6432
2014-05-01,SA,7.6264,47.7741
2014-08-01,SA,9.179,54.6781
2014-11-01,SA,12.0508,50.2817
2015-02-01,SA,12.7501,52.8456
2015-05-01,SA,12.8114,52.3816
2015-08-01,SA,10.6758,55.5492
2015-11-01,SA,11.3823,54.3116
2016-02-01,SA,10.0621,56.7996
2016-05-01,SA,10.1765,54.2786
2016-08-01,SA,11.5344,58.5532
2016-11-01,SA,11.2734,52.915
2017-02-01,SA,8.985,44.5105
2017-05-01,SA,9.8087,45.988
2017-08-01,SA,10.4428,51.3448
2017-11-01,SA,12.9606,52.2793
2018-02-01,SA,13.1583,51.8744
2018-05-01,SA,12.8347,51.8232
2018-08-01,SA,11.1326,52.8485
2018-11-01,SA,10.8737,48.7237
2019-02-01,SA,9.4773,56.9106
2019-05-01,SA,9.9623,59.8545
2019-08-01,SA,12.1295,61.5554
2019-11-01,SA,17.1239,59.2145
2020-02-01,SA,15.9538,58.1654
2020-05-01,SA,12.342,60.098
2020-08-01,SA,10.6607,55.7256
2020-11-01,SA,7.5111,60.9496
2021-02-01,SA,8.1481,69.0987
2021-05-01,SA,7.8269,72.2139
2021-08-01,SA,9.8108,63.5435
2021-11-01,SA,10.2822,66.3362
2022-02-01,SA,9.6845,66.3775
2022-05-01,SA,7.726,69.8268
2022-08-01,SA,10.4753,69.7906
2022-11-01,SA,9.4502,63.9983
2023-02-01,SA,10.7171,67.9537
2023-05-01,SA,11.0561,74.8934
2023-08-01,SA,11.906,71.1022
2023-11-01,SA,10.2926,71.7934
2024-02-01,SA,8.6516,69.4934
2024-05-01,SA,8.2466,65.1407
2024-08-01,SA,9.5925,68.3471
2024-11-01,SA,11.9862,65.6485
2025-02-01,SA,9.2525,66.7016
2025-05-01,SA,7.0683,70.7411
2025-08-01,SA,8.1865,68.6937
2025-11-01,SA,6.2527,68.7819
2026-02-01,SA,8.3219,70.6557
1984-11-01,WA,13.7758,23.6732
1985-02-01,WA,13.3634,24.8567
1985-05-01,WA,13.788,26.4563
1985-08-01,WA,12.1307,26.128
1985-11-01,WA,14.2778,26.1638
1986-02-01,WA,14.3138,25.3468
1986-05-01,WA,13.9972,26.038
1986-08-01,WA,12.5109,26.9543
1986-11-01,WA,13.0335,28.924
1987-02-01,WA,12.5771,29.8583
1987-05-01,WA,14.4373,29.3654
1987-08-01,WA,14.8357,33.3164
1987-11-01,WA,13.7336,29.873
1988-02-01,WA,14.6572,31.2723
1988-05-01,WA,13.5785,32.5637
1988-08-01,WA,14.2361,32.5485
1988-11-01,WA,15.0564,35.0948
1989-02-01,WA,14.9864,34.8796
1989-05-01,WA,15.2902,34.3813
1989-08-01,WA,15.4656,35.9571
1989-11-01,WA,14.13,37.0423
1990-02-01,WA,12.7793,36.2059
1990-05-01,WA,13.3567,35.2374
1990-08-01,WA,13.437,34.887
1990-11-01,WA,13.2879,34.0277
1991-02-01,WA,14.129,37.8345
1991-05-01,WA,14.2282,39.0763
1991-08-01,WA,13.8781,40.5143
1991-11-01,WA,12.6655,39.3405
1992-02-01,WA,13.0262,38.9506
1992-05-01,WA,13.0873,38.7987
1992-08-01,WA,13.9845,37.5821
1992-11-01,WA,14.3299,38.5779
1993-02-01,WA,14.1317,38.5652
1993-05-01,WA,14.2759,37.3467
1993-08-01,WA,12.0758,41.8138
1993-11-01,WA,13.7952,41.9898
1994-02-01,WA,12.7625,42.9926
1994-05-01,WA,14.0519,46.1814
1994-08-01,WA,14.4104,50.063
1994-11-01,WA,14.2807,48.8963
1995-02-01,WA,11.4094,45.0036
1995-05-01,WA,14.6554,49.8959
1995-08-01,WA,14.6835,49.6762
1995-11-01,WA,17.1564,48.4474
1996-02-01,WA,16.3423,50.24
1996-05-01,WA,16.0524,52.4896
1996-08-01,WA,16.9342,49.9788
1996-11-01,WA,19.2542,58.1029
1997-02-01,WA,17.1589,59.6615
1997-05-01,WA,21.5588,56.089
1997-08-01,WA,19.5394,57.5439
1997-11-01,WA,18.7715,58.3336
1998-02-01,WA,18.8893,55.3114
1998-05-01,WA,16.1008,53.5385
1998-08-01,WA,16.7436,56.6309
1998-11-01,WA,17.1887,56.4107
1999-02-01,WA,15.3056,56.5408
1999-05-01,WA,16.173,55.8734
1999-08-01,WA,13.8994,56.3139
1999-11-01,WA,14.5596,61.2776
2000-02-01,WA,13.2902,56.7835
2000-05-01,WA,14.8433,59.0104
2000-08-01,WA,17.3547,54.3521
2000-11-01,WA,16.2157,59.1253
2001-02-01,WA,16.5755,66.0629
2001-05-01,WA,17.1882,63.987
2001-08-01,WA,17.3162,56.2049
2001-11-01,WA,15.678,54.2684
2002-02-01,WA,17.7752,56.4662
2002-05-01,WA,15.4016,55.0378
2002-08-01,WA,15.7428,58.0963
2002-11-01,WA,16.8456,61.7663
2003-02-01,WA,19.6565,59.1823
2003-05-01,WA,18.4063,60.9148
2003-08-01,WA,15.9212,53.821
2003-11-01,WA,14.3947,60.7335
2004-02-01,WA,16.9928,62.6408
2004-05-01,WA,16.8379,58.5596
2004-08-01,WA,16.1936,56.6094
2004-11-01,WA,19.7804,57.5069
2005-02-01,WA,18.0075,69.3329
2005-05-01,WA,19.3658,68.437
2005-08-01,WA,18.1065,67.9209
2005-11-01,WA,19.0318,75.6961
2006-02-01,WA,18.104,72.1482
2006-05-01,WA,22.3557,71.0239
2006-08-01,WA,21.3641,76.9269
2006-11-01,WA,17.795,75.0976
2007-02-01,WA,17.0619,75.1762
2007-05-01,WA,19.331,81.5624
2007-08-01,WA,16.2043,93.3375
2007-11-01,WA,17.2056,86.4749
2008-02-01,WA,13.6565,87.9325
2008-05-01,WA,17.3871,78.5736
2008-08-01,WA,17.6331,82.3361
2008-11-01,WA,12.9333,75.7272
2009-02-01,WA,14.2807,67.3591
2009-05-01,WA,11.696,69.0651
2009-08-01,WA,16.2987,67.3139
2009-11-01,WA,17.8296,84.9326
2010-02-01,WA,13.6339,91.9912
2010-05-01,WA,14.2758,88.9626
2010-08-01,WA,11.1551,91.1388
2010-11-01,WA,15.5281,93.0287
2011-02-01,WA,14.8064,84.7385
2011-05-01,WA,17.0108,83.3551
2011-08-01,WA,13.5766,94.1285
2011-11-01,WA,13.5212,97.1116
2012-02-01,WA,11.8627,94.6029
2012-05-01,WA,13.3617,91.3606
2012-08-01,WA,15.8059,101.3019
2012-11-01,WA,16.239,98.2378
2013-02-01,WA,15.8755,110.5507
2013-05-01,WA,14.5832,97.1182
2013-08-01,WA,12.2918,98.8979
2013-11-01,WA,12.9499,94.6216
2014-02-01,WA,13.325,97.9272
2014-05-01,WA,15.8787,113.4702
2014-08-01,WA,13.9318,117.6715
2014-11-01,WA,13.0522,106.7422
2015-02-01,WA,13.1877,113.4774
2015-05-01,WA,12.7047,106.8766
2015-08-01,WA,16.2857,93.9319
2015-11-01,WA,15.084,101.3778
2016-02-01,WA,15.5319,102.2612
2016-05-01,WA,16.4662,94.5603
2016-08-01,WA,13.2138,103.2704
2016-11-01,WA,15.9734,96.7899
2017-02-01,WA,13.1963,85.0653
2017-05-01,WA,13.9832,92.5222
2017-08-01,WA,13.1954,91.0559
2017-11-01,WA,17.246,94.4797
2018-02-01,WA,13.782,91.8672
2018-05-01,WA,14.5554,90.2818
2018-08-01,WA,13.4902,89.7513
2018-11-01,WA,12.6914,97.6462
2019-02-01,WA,14.0508,111.2188
2019-05-01,WA,10.3005,113.7247
2019-08-01,WA,11.535,115.3231
2019-11-01,WA,13.9029,113.4778
2020-02-01,WA,14.6094,108.9889
2020-05-01,WA,12.3348,106.8846
2020-08-01,WA,15.7177,110.6346
2020-11-01,WA,11.2702,112.3946
2021-02-01,WA,9.8875,102.998
2021-05-01,WA,8.4724,107.4966
2021-08-01,WA,12.3425,111.8959
2021-11-01,WA,10.6567,110.5355
2022-02-01,WA,17.5731,114.5295
2022-05-01,WA,15.5296,103.7212
2022-08-01,WA,13.064,128.3775
2022-11-01,WA,12.681,124.5054
2023-02-01,WA,12.1039,121.0045
2023-05-01,WA,18.2033,119.761
2023-08-01,WA,11.0237,121.8379
2023-11-01,WA,13.2408,131.5798
2024-02-01,WA,13.1647,137.4765
2024-05-01,WA,15.5618,130.4893
2024-08-01,WA,12.376,135.5993
2024-11-01,WA,17.0713,128.5556
2025-02-01,WA,14.7433,137.4772
2025-05-01,WA,13.5692,128.3539
2025-08-01,WA,13.4868,132.5313
2025-11-01,WA,14.3868,130.8578
2026-02-01,WA,13.5696,136.1033
1984-11-01,Tasmania,4.5687,5.1929
1985-02-01,Tasmania,4.2121,4.8989
1985-05-01,Tasmania,3.4837,6.1539
1985-08-01,Tasmania,3.6071,5.8194
1985-11-01,Tasmania,4.2049,6.1491
1986-02-01,Tasmania,4.7985,5.1358
1986-05-01,Tasmania,4.3942,5.675
1986-08-01,Tasmania,4.1513,4.7052
1986-11-01,Tasmania,4.1303,5.2998
1987-02-01,Tasmania,4.0986,6.3572
1987-05-01,Tasmania,4.3882,5.5174
1987-08-01,Tasmania,3.9725,5.3984
1987-11-01,Tasmania,3.3063,5.4094
1988-02-01,Tasmania,3.886,5.5375
1988-05-01,Tasmania,4.244,5.9665
1988-08-01,Tasmania,3.7936,6.2101
1988-11-01,Tasmania,3.6663,5.1175
1989-02-01,Tasmania,3.5122,5.0922
1989-05-01,Tasmania,3.3884,6.3144
1989-08-01,Tasmania,3.3768,6.8781
1989-11-01,Tasmania,3.3799,7.9701
1990-02-01,Tasmania,3.0164,7.6507
1990-05-01,Tasmania,3.5035,8.1482
1990-08-01,Tasmania,3.2838,7.5927
1990-11-01,Tasmania,3.6477,6.7896
1991-02-01,Tasmania,3.6495,7.9296
1991-05-01,Tasmania,3.8251,7.3682
1991-08-01,Tasmania,4.3215,6.2845
1991-11-01,Tasmania,4.0354,6.2317
1992-02-01,Tasmania,4.0688,6.441
1992-05-01,Tasmania,4.5203,6.5481
1992-08-01,Tasmania,4.3426,5.7938
1992-11-01,Tasmania,4.1213,7.4311
1993-02-01,Tasmania,3.3533,6.3172
1993-05-01,Tasmania,3.8236,5.6688
1993-08-01,Tasmania,3.6936,6.3767
1993-11-01,Tasmania,3.5761,6.0551
1994-02-01,Tasmania,3.4635,6.852
1994-05-01,Tasmania,3.4231,7.1521
1994-08-01,Tasmania,3.358,6.1591
1994-11-01,Tasmania,4.0221,7.6082
1995-02-01,Tasmania,3.8947,7.228
1995-05-01,Tasmania,4.2752,6.8564
1995-08-01,Tasmania,3.2427,5.7272
1995-11-01,Tasmania,3.3824,5.812
1996-02-01,Tasmania,3.2835,6.5471
1996-05-01,Tasmania,4.121,7.3745
1996-08-01,Tasmania,4.4464,7.2679
1996-11-01,Tasmania,3.8426,8.3866
1997-02-01,Tasmania,2.4484,8.5037
1997-05-01,Tasmania,3.0845,8.2101
1997-08-01,Tasmania,3.1191,9.2465
1997-11-01,Tasmania,3.6087,7.8926
1998-02-01,Tasmania,2.9981,9.3119
1998-05-01,Tasmania,3.0838,7.6799
1998-08-01,Tasmania,3.0453,7.8055
1998-11-01,Tasmania,3.6865,7.6348
1999-02-01,Tasmania,3.7914,7.6811
1999-05-01,Tasmania,4.1088,6.964
1999-08-01,Tasmania,5.155,8.8084
1999-11-01,Tasmania,4.8761,7.6237
2000-02-01,Tasmania,4.502,7.6844
2000-05-01,Tasmania,3.7087,7.6939
2000-08-01,Tasmania,3.6439,7.3605
2000-11-01,Tasmania,3.5984,8.6277
2001-02-01,Tasmania,4.4891,9.6397
2001-05-01,Tasmania,4.3164,8.8903
2001-08-01,Tasmania,4.0829,9.9646
2001-11-01,Tasmania,4.3832,8.6695
2002-02-01,Tasmania,4.2491,8.244
2002-05-01,Tasmania,3.5595,7.1518
2002-08-01,Tasmania,3.7068,7.2606
2002-11-01,Tasmania,3.8579,8.5616
2003-02-01,Tasmania,3.3729,9.7786
2003-05-01,Tasmania,3.4045,8.0958
2003-08-01,Tasmania,3.9756,7.8614
2003-11-01,Tasmania,4.2633,8.25
2004-02-01,Tasmania,4.3134,8.9827
2004-05-01,Tasmania,3.8642,9.307
2004-08-01,Tasmania,3.5992,10.3025
2004-11-01,Tasmania,3.5566,10.0315
2005-02-01,Tasmania,4.0504,8.0568
2005-05-01,Tasmania,5.4188,9.7887
2005-08-01,Tasmania,5.1209,8.9622
2005-11-01,Tasmania,5.2754,9.8435
2006-02-01,Tasmania,3.897,8.7291
2006-05-01,Tasmania,3.2196,11.2462
2006-08-01,Tasmania,4.0629,11.2728
2006-11-01,Tasmania,4.0111,11.0764
2007-02-01,Tasmania,2.9975,8.8762
2007-05-01,Tasmania,3.1832,10.9773
2007-08-01,Tasmania,2.895,8.771
2007-11-01,Tasmania,4.4244,9.9073
2008-02-01,Tasmania,3.2243,10.012
2008-05-01,Tasmania,4.8807,9.0376
2008-08-01,Tasmania,4.1585,10.6426
2008-11-01,Tasmania,3.3335,10.8035
2009-02-01,Tasmania,3.5162,12.1099
2009-05-01,Tasmania,2.5336,15.8774
2009-08-01,Tasmania,3.5642,12.8155
2009-11-01,Tasmania,4.2447,11.4036
2010-02-01,Tasmania,3.2113,10.1148
2010-05-01,Tasmania,4.3165,10.9641
2010-08-01,Tasmania,4.2484,13.8715
2010-11-01,Tasmania,3.8607,13.9655
2011-02-01,Tasmania,3.6542,14.1068
2011-05-01,Tasmania,4.6455,9.4056
2011-08-01,Tasmania,3.5098,10.8074
2011-11-01,Tasmania,3.7411,11.4482
2012-02-01,Tasmania,4.4392,10.8978
2012-05-01,Tasmania,4.8241,11.1975
2012-08-01,Tasmania,4.549,12.3096
2012-11-01,Tasmania,3.5052,12.6157
2013-02-01,Tasmania,3.4834,13.0554
2013-05-01,Tasmania,2.6578,10.7478
2013-08-01,Tasmania,3.9161,10.1113
2013-11-01,Tasmania,4.2063,9.2487
2014-02-01,Tasmania,3.649,11.1265
2014-05-01,Tasmania,4.54,10.609
2014-08-01,Tasmania,3.8759,11.1006
2014-11-01,Tasmania,3.9765,11.7739
2015-02-01,Tasmania,4.0206,12.4415
2015-05-01,Tasmania,3.8415,13.2075
2015-08-01,Tasmania,3.1825,12.4474
2015-11-01,Tasmania,4.6827,12.625
2016-02-01,Tasmania,3.0111,12.3509
2016-05-01,Tasmania,3.1225,12.4436
2016-08-01,Tasmania,3.3431,10.9116
2016-11-01,Tasmania,3.2639,10.0402
2017-02-01,Tasmania,4.091,14.3791
2017-05-01,Tasmania,4.0585,12.2615
2017-08-01,Tasmania,3.2198,11.9564
2017-11-01,Tasmania,3.7018,12.3449
2018-02-01,Tasmania,4.3379,11.0882
2018-05-01,Tasmania,3.4527,14.03
2018-08-01,Tasmania,3.6142,14.6097
2018-11-01,Tasmania,2.878,13.9454
2019-02-01,Tasmania,2.7694,14.9176
2019-05-01,Tasmania,2.2672,14.6793
2019-08-01,Tasmania,3.2512,14.7726
2019-11-01,Tasmania,3.5986,15.2713
2020-02-01,Tasmania,3.2305,16.4747
2020-05-01,Tasmania,3.8536,14.8127
2020-08-01,Tasmania,3.1472,18.0102
2020-11-01,Tasmania,2.7993,18.2169
2021-02-01,Tasmania,2.9514,17.3838
2021-05-01,Tasmania,3.0259,14.5349
2021-08-01,Tasmania,3.1437,16.3095
2021-11-01,Tasmania,2.3843,19.5957
2022-02-01,Tasmania,2.2783,20.5944
2022-05-01,Tasmania,2.6049,17.919
2022-08-01,Tasmania,2.8511,17.8355
2022-11-01,Tasmania,3.8031,19.7565
2023-02-01,Tasmania,3.1075,18.9472
2023-05-01,Tasmania,2.3057,19.6271
2023-08-01,Tasmania,2.7615,17.2088
2023-11-01,Tasmania,2.2183,18.3174
2024-02-01,Tasmania,3.1801,15.3549
2024-05-01,Tasmania,4.6192,17.2464
2024-08-01,Tasmania,4.1136,17.3912
2024-11-01,Tasmania,2.7652,18.1777
2025-02-01,Tasmania,3.3193,20.6755
2025-05-01,Tasmania,3.7578,18.8891
2025-08-01,Tasmania,2.4665,17.9423
2025-11-01,Tasmania,2.4688,21.0133
2026-02-01,Tasmania,2.2969,15.0309
1984-11-01,NT,1.6461,2.3728
1985-02-01,NT,1.9188,2.5104
1985-05-01,NT,1.2595,2.7025
1985-08-01,NT,1.7264,3.3244
1985-11-01,NT,1.5237,2.8607
1986-02-01,NT,1.662,3.1763
1986-05-01,NT,2.5572,2.5738
1986-08-01,NT,2.2422,2.4104
1986-11-01,NT,1.8828,2.2016
1987-02-01,NT,2.0208,3.47
1987-05-01,NT,1.6455,2.998
1987-08-01,NT,2.2804,3.3753
1987-11-01,NT,2.2805,2.3036
1988-02-01,NT,1.2395,3.437
1988-05-01,NT,1.2332,3.887
1988-08-01,NT,1.4975,4.5524
1988-11-01,NT,1.6023,3.0031
1989-02-01,NT,2.2434,3.66
1989-05-01,NT,1.5819,2.1641
1989-08-01,NT,1.197,2.3509
1989-11-01,NT,1.2212,3.1537
1990-02-01,NT,1.4087,4.2798
1990-05-01,NT,1.4618,3.7792
1990-08-01,NT,1.2977,4.6112
1990-11-01,NT,1.2041,3.9421
1991-02-01,NT,1.5549,4.0109
1991-05-01,NT,1.3601,6.1743
1991-08-01,NT,1.8262,4.9908
1991-11-01,NT,1.6059,3.5245
1992-02-01,NT,1.3814,4.3636
1992-05-01,NT,0.8112,4.3469
1992-08-01,NT,0.7827,4.5655
1992-11-01,NT,1.4022,4.3944
1993-02-01,NT,1.7234,3.0491
1993-05-01,NT,2.0519,2.7293
1993-08-01,NT,1.7866,3.5898
1993-11-01,NT,1.6137,3.5059
1994-02-01,NT,1.4742,3.1912
1994-05-01,NT,1.7458,3.7858
1994-08-01,NT,1.6248,3.8508
1994-11-01,NT,2.4402,3.0083
1995-02-01,NT,2.2817,2.5711
1995-05-01,NT,2.0321,3.8801
1995-08-01,NT,2.6795,4.7313
1995-11-01,NT,2.8225,5.1793
1996-02-01,NT,1.821,4.0302
1996-05-01,NT,1.4128,4.5132
1996-08-01,NT,1.9606,4.5905
1996-11-01,NT,1.9512,5.0201
1997-02-01,NT,1.4297,4.8667
1997-05-01,NT,2.2254,4.294
1997-08-01,NT,1.3049,2.907
1997-11-01,NT,2.0478,3.161
1998-02-01,NT,1.3513,2.647
1998-05-01,NT,1.7934,4.3374
1998-08-01,NT,1.462,4.8365
1998-11-01,NT,1.4846,5.473
1999-02-01,NT,2.3381,4.8757
1999-05-01,NT,2.6327,4.6777
1999-08-01,NT,2.3142,5.0732
1999-11-01,NT,2.1977,4.2247
2000-02-01,NT,1.9171,3.9647
2000-05-01,NT,1.8848,3.8755
2000-08-01,NT,1.4213,2.8412
2000-11-01,NT,1.8574,3.1224
2001-02-01,NT,2.2208,2.4004
2001-05-01,NT,2.8977,3.1868
2001-08-01,NT,2.2707,4.6419
2001-11-01,NT,1.6,4.5009
2002-02-01,NT,1.7821,4.4998
2002-05-01,NT,1.2424,4.4221
2002-08-01,NT,1.1013,3.4901
2002-11-01,NT,1.4182,4.3842
2003-02-01,NT,1.1105,3.8974
2003-05-01,NT,2.1726,3.6571
2003-08-01,NT,1.8755,4.5172
2003-11-01,NT,1.361,4.0969
2004-02-01,NT,1.9209,4.2831
2004-05-01,NT,2.1898,4.2146
2004-08-01,NT,1.4657,4.1156
2004-11-01,NT,1.3685,4.2294
2005-02-01,NT,1.0947,4.5116
2005-05-01,NT,1.0623,4.384
2005-08-01,NT,1.9339,3.5858
2005-11-01,NT,2.1177,4.6672
2006-02-01,NT,2.0532,4.8584
2006-05-01,NT,2.0248,5.3152
2006-08-01,NT,2.1402,5.5316
2006-11-01,NT,3.2763,5.3625
2007-02-01,NT,3.6926,5.1164
2007-05-01,NT,2.7081,5.4897
2007-08-01,NT,2.1925,4.9014
2007-11-01,NT,2.4572,4.1933
2008-02-01,NT,2.4577,4.4407
2008-05-01,NT,2.2004,5.3509
2008-08-01,NT,1.8695,5.2954
2008-11-01,NT,2.2457,4.3845
2009-02-01,NT,2.1769,4.2667
2009-05-01,NT,2.1693,5.3863
2009-08-01,NT,2.0883,5.9349
2009-11-01,NT,1.7894,6.9676
2010-02-01,NT,1.1744,6.423
2010-05-01,NT,1.8746,5.9518
2010-08-01,NT,2.2168,5.8711
2010-11-01,NT,2.6345,6.1043
2011-02-01,NT,1.6223,5.6814
2011-05-01,NT,1.5119,6.1239
2011-08-01,NT,1.5503,4.844
2011-11-01,NT,1.3451,6.0118
2012-02-01,NT,1.9126,6.1153
2012-05-01,NT,1.5995,7.6473
2012-08-01,NT,1.9567,7.1793
2012-11-01,NT,2.2605,6.0294
2013-02-01,NT,2.0749,6.4457
2013-05-01,NT,1.1079,6.7694
2013-08-01,NT,1.645,5.5937
2013-11-01,NT,1.2687,6.853
2014-02-01,NT,1.0233,7.8929
2014-05-01,NT,1.7812,6.0673
2014-08-01,NT,2.0263,9.1197
2014-11-01,NT,1.3187,6.2933
2015-02-01,NT,1.4773,8.107
2015-05-01,NT,1.7755,9.4269
2015-08-01,NT,1.6453,6.8626
2015-11-01,NT,1.0083,6.4925
2016-02-01,NT,0.9815,7.2885
2016-05-01,NT,0.669,5.8791
2016-08-01,NT,1.3033,7.2827
2016-11-01,NT,1.3412,7.7503
2017-02-01,NT,1.2596,7.6312
2017-05-01,NT,0.9756,6.9051
2017-08-01,NT,1.0157,6.3955
2017-11-01,NT,1.3068,7.4326
2018-02-01,NT,1.7952,6.6465
2018-05-01,NT,1.7257,6.1914
2018-08-01,NT,1.3402,5.7796
2018-11-01,NT,2.0081,7.4757
2019-02-01,NT,1.9521,6.9191
2019-05-01,NT,1.5865,6.7913
2019-08-01,NT,0.8419,6.0072
2019-11-01,NT,1.2537,7.8466
2020-02-01,NT,1.7331,7.6696
2020-05-01,NT,1.1369,6.6178
2020-08-01,NT,1.5319,7.678
2020-11-01,NT,1.7081,7.7033
2021-02-01,NT,0.8192,7.7185
2021-05-01,NT,0.7913,6.2023
2021-08-01,NT,1.4722,6.1867
2021-11-01,NT,1.3451,6.564
2022-02-01,NT,1.6446,7.3541
2022-05-01,NT,0.9527,6.7334
2022-08-01,NT,0.9214,8.0373
2022-11-01,NT,1.0224,7.6284
2023-02-01,NT,0.9043,9.554
2023-05-01,NT,1.2581,8.8304
2023-08-01,NT,1.4108,7.3764
2023-11-01,NT,1.5025,8.4326
2024-02-01,NT,1.2528,9.4083
2024-05-01,NT,0.9957,7.3718
2024-08-01,NT,0.9202,8.642
2024-11-01,NT,1.0948,5.9791
2025-02-01,NT,1.3751,6.6878
2025-05-01,NT,1.6253,7.3276
2025-08-01,NT,1.301,8.1393
2025-11-01,NT,1.3666,8.055
2026-02-01,NT,0.5732,7.2652
1984-11-01,ACT,2.7509,6.7001
1985-02-01,ACT,2.4519,6.7846
1985-05-01,ACT,3.1234,7.5076
1985-08-01,ACT,3.0331,6.8949
1985-11-01,ACT,3.0322,7.2148
1986-02-01,ACT,3.1377,6.9146
1986-05-01,ACT,3.1287,4.9944
1986-08-01,ACT,2.7928,6.547
1986-11-01,ACT,2.8017,8.0046
1987-02-01,ACT,3.2415,8.046
1987-05-01,ACT,3.0997,8.6559
1987-08-01,ACT,3.521,7.763
1987-11-01,ACT,2.5432,7.1217
1988-02-01,ACT,2.9841,10.0162
1988-05-01,ACT,3.3917,10.5913
1988-08-01,ACT,3.0503,9.5711
1988-11-01,ACT,3.1547,8.7245
1989-02-01,ACT,3.8345,7.4788
1989-05-01,ACT,3.1679,8.3496
1989-08-01,ACT,3.836,8.1106
1989-11-01,ACT,3.3619,8.2351
1990-02-01,ACT,2.9168,9.57
1990-05-01,ACT,3.6519,8.7417
1990-08-01,ACT,3.7231,7.6253
1990-11-01,ACT,4.4874,9.1116
1991-02-01,ACT,3.5888,10.133
1991-05-01,ACT,3.0178,10.3037
1991-08-01,ACT,3.2991,10.0181
1991-11-01,ACT,3.2138,8.7429
1992-02-01,ACT,3.5852,9.0651
1992-05-01,ACT,3.3959,9.596
1992-08-01,ACT,3.189,9.6377
1992-11-01,ACT,3.8772,10.6469
1993-02-01,ACT,4.0685,9.4037
1993-05-01,ACT,4.1746,10.0571
1993-08-01,ACT,3.9423,10.0996
1993-11-01,ACT,3.5872,9.2747
1994-02-01,ACT,4.4177,9.5293
1994-05-01,ACT,4.7185,10.4733
1994-08-01,ACT,4.3066,10.752
1994-11-01,ACT,4.7514,12.6818
1995-02-01,ACT,5.2043,11.5276
1995-05-01,ACT,4.6541,10.7462
1995-08-01,ACT,3.733,10.5014
1995-11-01,ACT,4.4906,12.5332
1996-02-01,ACT,4.9581,14.6738
1996-05-01,ACT,4.769,14.6587
1996-08-01,ACT,4.589,13.4635
1996-11-01,ACT,3.9551,13.4535
1997-02-01,ACT,4.0143,14.0386
1997-05-01,ACT,3.7083,14.3867
1997-08-01,ACT,4.7534,15.1812
1997-11-01,ACT,4.2529,16.1944
1998-02-01,ACT,4.7606,14.728
1998-05-01,ACT,6.1614,15.9831
1998-08-01,ACT,5.2611,15.5762
1998-11-01,ACT,4.6383,14.9871
1999-02-01,ACT,4.3561,15.8073
1999-05-01,ACT,4.2416,16.3692
1999-08-01,ACT,4.5878,15.1901
1999-11-01,ACT,4.3704,15.6146
2000-02-01,ACT,5.774,16.0731
2000-05-01,ACT,5.2161,15.579
2000-08-01,ACT,5.3428,17.705
2000-11-01,ACT,5.235,17.5612
2001-02-01,ACT,5.5428,18.3495
2001-05-01,ACT,6.925,16.8142
2001-08-01,ACT,5.2018,17.5921
2001-11-01,ACT,4.556,16.7788
2002-02-01,ACT,4.2495,18.202
2002-05-01,ACT,3.9354,16.2906
2002-08-01,ACT,4.579,16.3619
2002-11-01,ACT,6.1761,15.6179
2003-02-01,ACT,5.4859,16.4624
2003-05-01,ACT,4.8306,17.3752
2003-08-01,ACT,4.6686,17.1029
2003-11-01,ACT,5.1872,16.3548
2004-02-01,ACT,4.7591,16.5153
2004-05-01,ACT,4.6013,17.5235
2004-08-01,ACT,5.1323,16.5303
2004-11-01,ACT,5.1503,17.2433
2005-02-01,ACT,5.6365,17.8917
2005-05-01,ACT,5.0709,17.2425
2005-08-01,ACT,4.7934,16.0328
2005-11-01,ACT,4.804,18.4739
2006-02-01,ACT,4.5754,18.6607
2006-05-01,ACT,4.6146,18.5149
2006-08-01,ACT,4.6584,19.1776
2006-11-01,ACT,4.7495,20.0977
2007-02-01,ACT,6.0436,18.4143
2007-05-01,ACT,4.6051,18.5521
2007-08-01,ACT,4.8157,21.1793
2007-11-01,ACT,4.8043,22.0092
2008-02-01,ACT,5.5004,21.2077
2008-05-01,ACT,4.1644,20.6642
2008-08-01,ACT,6.061,22.7686
2008-11-01,ACT,5.373,22.6081
2009-02-01,ACT,4.1782,24.9999
2009-05-01,ACT,3.7562,21.0373
2009-08-01,ACT,3.8542,23.1991
2009-11-01,ACT,5.8721,20.8036
2010-02-01,ACT,4.5837,21.3652
2010-05-01,ACT,4.3678,21.692
2010-08-01,ACT,3.9613,21.3865
2010-11-01,ACT,3.7009,19.1191
2011-02-01,ACT,4.0046,19.0322
2011-05-01,ACT,4.9623,18.7077
2011-08-01,ACT,3.7313,18.2532
2011-11-01,ACT,3.863,20.6848
2012-02-01,ACT,5.6669,20.9041
2012-05-01,ACT,5.4213,22.3748
2012-08-01,ACT,2.7973,24.0875
2012-11-01,ACT,2.8269,22.2899
2013-02-01,ACT,4.0143,21.313
2013-05-01,ACT,4.812,23.9551
2013-08-01,ACT,5.1717,21.0207
2013-11-01,ACT,3.8412,17.1544
2014-02-01,ACT,6.6072,19.3131
2014-05-01,ACT,4.3861,19.7545
2014-08-01,ACT,4.5074,22.7596
2014-11-01,ACT,4.1539,20.4784
2015-02-01,ACT,4.5114,18.3699
2015-05-01,ACT,4.5672,20.5619
2015-08-01,ACT,4.5119,17.2789
2015-11-01,ACT,3.9794,21.9556
2016-02-01,ACT,4.2307,22.4347
2016-05-01,ACT,2.853,23.7134
2016-08-01,ACT,3.1715,26.1816
2016-11-01,ACT,4.2119,27.798
2017-02-01,ACT,3.0479,29.0616
2017-05-01,ACT,4.1297,24.9393
2017-08-01,ACT,3.0776,25.9854
2017-11-01,ACT,4.6388,27.2061
2018-02-01,ACT,4.8637,28.2678
2018-05-01,ACT,3.0928,23.9038
2018-08-01,ACT,3.2164,22.3586
2018-11-01,ACT,2.9022,23.0269
2019-02-01,ACT,3.2864,29.1136
2019-05-01,ACT,3.1671,27.0071
2019-08-01,ACT,4.551,24.7814
2019-11-01,ACT,3.4977,24.6017
2020-02-01,ACT,4.3288,27.7972
2020-05-01,ACT,2.9953,22.4743
2020-08-01,ACT,3.5447,25.4721
2020-11-01,ACT,3.4245,31.5544
2021-02-01,ACT,3.7393,34.8849
2021-05-01,ACT,2.785,30.9022
2021-08-01,ACT,4.8795,33.2876
2021-11-01,ACT,3.4889,35.0765
2022-02-01,ACT,4.0085,38.2277
2022-05-01,ACT,2.5216,39.7019
2022-08-01,ACT,3.1144,39.7233
2022-11-01,ACT,3.9865,35.3165
2023-02-01,ACT,4.897,40.4335
2023-05-01,ACT,4.0231,34.5253
2023-08-01,ACT,4.2558,38.2368
2023-11-01,ACT,3.7685,34.3384
2024-02-01,ACT,5.2998,33.6351
2024-05-01,ACT,2.7365,37.8468
2024-08-01,ACT,2.9215,31.5527
2024-11-01,ACT,3.5338,35.2867
2025-02-01,ACT,4.5685,39.0284
2025-05-01,ACT,3.8548,40.5044
2025-08-01,ACT,4.9423,37.6337
2025-11-01,ACT,2.5591,36.767
2026-02-01,ACT,4.3342,40.669
